name,city,email,phone
Jilly Tasseler,Biny Selo,jtasseler0@lulu.com,8495843570
Norbert Pester,Obollo-Afor,npester1@omniture.com,6943429481
Auberta Jerratsch,Gujō,ajerratsch2@marriott.com,9581279299
Teirtza Dulling,Linköping,tdulling3@posterous.com,3893513014
Shea MacAllen,Spodnja Hajdina,smacallen4@stanford.edu,2203174463
Katrina Ickeringill,Strabychovo,kickeringill5@addthis.com,3319624468
Tanhya Spatig,Chelopech,tspatig6@delicious.com,8898898235
Maiga Nice,Giesteira,mnice7@creativecommons.org,2647959777
Merrile O' Flaherty,Atar,mo8@si.edu,5066381439
Ezra Fausset,Woha,efausset9@businessweek.com,5956395052
Brand Deverille,Lushikeng,bdeverillea@answers.com,6688722488
Guthrie Morales,Duntou,gmoralesb@marriott.com,2799104726
Tina Friedenbach,Parikkala,tfriedenbachc@boston.com,9162026417
Ashia Adolthine,Dolsk,aadolthined@telegraph.co.uk,2672439731
Arman Lainge,San Cristobal,alaingee@sun.com,5655536309
Boigie Bewlie,Göteborg,bbewlief@slideshare.net,8163093200
Burk Parsall,Wete,bparsallg@dagondesign.com,1099774805
Hester Gissop,Haparanda,hgissoph@reuters.com,9216670318
Bartolomeo Hullah,Keroka,bhullahi@diigo.com,7072115020
Bran Ebourne,Neietsu,bebournej@usa.gov,3446209994
Baillie Fike,Šalovci,bfikek@mapy.cz,7263145966
Elwood Pelzer,Hualin,epelzerl@usda.gov,4991992998
Courtney Pagram,Roanoke,cpagramm@dyndns.org,5407715547
Zackariah Novkovic,Damayan,znovkovicn@youku.com,8034909505
Akim Crufts,Glamoč,acruftso@pagesperso-orange.fr,4726095122
Stephannie Billingham,Diapaga,sbillinghamp@nasa.gov,7243545738
Mady Luscombe,Nakhon Pathom,mluscombeq@home.pl,6834636014
Jeanelle Hardingham,Escuintla,jhardinghamr@woothemes.com,9451357503
Ibby Duckham,Lodja,iduckhams@yellowpages.com,8742717779
Tillie Craske,Sendangkemulian,tcrasket@bluehost.com,6683521007
Lucy Poundsford,Qırmızı Samux,lpoundsfordu@tinypic.com,3923193499
Noell Khomin,Kargasok,nkhominv@spotify.com,1369585834
Zaccaria Bonifas,Meiyuan Xincun,zbonifasw@mayoclinic.com,5867197972
Nancie Davison,Dve Mogili,ndavisonx@nih.gov,1862036088
Olympe Hasted,Uluarang,ohastedy@mtv.com,3016184591
Inessa Trime,Mizi,itrimez@stumbleupon.com,4613699350
Anastassia Verrell,Säffle,averrell10@wordpress.com,2357412209
Sheena Boyce,Mojokerto,sboyce11@sina.com.cn,2042308572
Star Cardinale,Jiyang,scardinale12@ucsd.edu,2236103835
Maud Whacket,Cigadog,mwhacket13@mapquest.com,1031333888
Jule Sebring,Gros Morne,jsebring14@japanpost.jp,5288855499
Barty Schwartz,Shipka,bschwartz15@nytimes.com,8167395842
Carmelita Buchan,Resende,cbuchan16@yelp.com,8301324608
Kelsi Lillecrop,Pitogo,klillecrop17@examiner.com,7029061909
Barnard Yepiskov,Cipari,byepiskov18@google.ca,7749652671
Dallon Deignan,Guazhou,ddeignan19@weebly.com,5026313404
Ariel Nuth,Banos,anuth1a@psu.edu,4737646979
Imojean Haggish,Kuaro,ihaggish1b@drupal.org,3466266521
Marsha Hiscocks,Jiangkou,mhiscocks1c@omniture.com,8397963026
Lacie Giacobelli,Xiaogang,lgiacobelli1d@storify.com,6475285040
Margie McGinley,Wąbrzeźno,mmcginley1e@ifeng.com,1392265880
Jennine Drewett,Khurriānwāla,jdrewett1f@flickr.com,9557572965
Cheri Grimsdell,Mirzāpur,cgrimsdell1g@tripadvisor.com,4681807425
Riva Doblin,Nowy Tomyśl,rdoblin1h@tripod.com,1459863293
Jaine Sevin,El Pao,jsevin1i@state.gov,5246460228
Boony Benedyktowicz,Luqiao,bbenedyktowicz1j@telegraph.co.uk,3943202670
Melessa De La Salle,Tanggung,mde1k@cafepress.com,7408228449
Trueman Hedderly,Chaodi,thedderly1l@linkedin.com,8928501920
Nert Caffin,Sirnasari,ncaffin1m@google.ca,6888368569
Araldo Quidenham,Shevchenkove,aquidenham1n@ebay.co.uk,1202139584
Valentia Friedman,Fahraj,vfriedman1o@qq.com,4748861294
Gayle Detloff,Lugo,gdetloff1p@goo.gl,4949097681
Shell Greeson,Nuits-Saint-Georges,sgreeson1q@blogs.com,3657330745
Bonita Andrieu,Huangjiabu,bandrieu1r@msu.edu,5293077684
Harmony Pineaux,Fonseca,hpineaux1s@taobao.com,6356599314
Rubin D' Angelo,Pata,rd1t@wordpress.org,7578662510
Lillian Slimme,Tenancingo,lslimme1u@wunderground.com,3877820881
Davine Biggadike,Sarajevo,dbiggadike1v@vistaprint.com,1619133936
Edmon Dobrowlski,Kekeran,edobrowlski1w@timesonline.co.uk,5312113576
Jillie Emer,Koktokay,jemer1x@4shared.com,2293564800
Mersey Abazi,Odessa,mabazi1y@networksolutions.com,4329179334
Lindon Burd,Sindangkerta,lburd1z@blinklist.com,3719840176
Karalee Giacomo,Beit Horon,kgiacomo20@wikispaces.com,3063622298
Merrielle Maskew,Gargaliánoi,mmaskew21@reddit.com,2104312193
Bord Burdikin,Newton,bburdikin22@archive.org,9125129866
Noak Yanyshev,Thị Trấn Phong Thổ,nyanyshev23@hc360.com,1331063483
Nan Maplethorp,Noebana,nmaplethorp24@japanpost.jp,5009004057
Adorne Lahy,Shamkhor,alahy25@newyorker.com,3794490102
Francyne Wills,Summerside,fwills26@wordpress.com,4466062956
Marleen Prydden,Burnham,mprydden27@apple.com,8298545726
Elaina Jammes,Örnsköldsvik,ejammes28@list-manage.com,1584701489
Hanson Bartlet,Chirpan,hbartlet29@ebay.co.uk,4213891941
Abagail Napleton,Oslo,anapleton2a@issuu.com,3156935140
Isaak Clarycott,Juyuan,iclarycott2b@tmall.com,4864637906
Kippie Moatt,Point Hill,kmoatt2c@princeton.edu,2003103115
Leann Johannesson,Chernoyerkovskaya,ljohannesson2d@mapquest.com,1921812748
Chrystel Veltmann,Hod HaSharon,cveltmann2e@ow.ly,9567227927
Carla Treswell,Mataguži,ctreswell2f@sciencedirect.com,7688003820
Aurilia Hazeldine,Toong,ahazeldine2g@whitehouse.gov,2517750567
Janella Bratcher,Desē,jbratcher2h@howstuffworks.com,7269668967
Jobina Brickwood,Kaesŏng,jbrickwood2i@hp.com,2321334894
Pippo Bromage,Chiang Rai,pbromage2j@instagram.com,2257779792
Dionne Akast,Bojadła,dakast2k@yahoo.co.jp,5547185363
Marketa Coppock.,Polje,mcoppock2l@usda.gov,6428870214
Jacynth Ianetti,União,jianetti2m@meetup.com,3171853042
Bunni Ashmole,Nōgata,bashmole2n@seattletimes.com,7083670400
Dasha Brightman,Bulungu,dbrightman2o@php.net,9281650601
Ericka Lanham,Vyazniki,elanham2p@artisteer.com,7351046157
Nicolis Trevino,Pīshvā,ntrevino2q@huffingtonpost.com,3909535813
Allard Sallis,Benhao,asallis2r@shinystat.com,9664781911
Von Smowton,Ariz,vsmowton2s@opensource.org,2447353762
Sherry Gash,Ifanes,sgash2t@creativecommons.org,1422526471
Guss Yurevich,Pargas,gyurevich2u@dyndns.org,7875929028
Amabelle Sustin,Kasonawejo,asustin2v@skype.com,1566022223
Garreth McKernan,Tiannan,gmckernan2w@e-recht24.de,7702897569
Alaine Idwal Evans,Dashi,aidwal2x@sbwire.com,4409570229
Yalonda Karmel,Jomda,ykarmel2y@unc.edu,6875581074
Ynes Hercock,Wujiabao,yhercock2z@typepad.com,7213343843
Alexio McGeachie,Canaries,amcgeachie30@usatoday.com,7897215050
Neille Rottenbury,P’asanauri,nrottenbury31@ovh.net,2498089954
Thomas Garry,Blois,tgarry32@answers.com,9238571677
Marcus O'Connel,Prado Siongco,moconnel33@pagesperso-orange.fr,6151111374
Emmerich Sutherden,Xuanhua,esutherden34@wordpress.org,7922809107
Olvan Jakuszewski,Buray,ojakuszewski35@themeforest.net,1747773778
Kissie Wetter,Fengshan,kwetter36@guardian.co.uk,9113213029
Thia Karslake,Guihulñgan,tkarslake37@fastcompany.com,6963332041
Celinda Wetherill,Jiangqiao,cwetherill38@bravesites.com,4759471349
Herbert Banting,Longjie,hbanting39@oracle.com,6966201520
Marena Stoneman,Kudang,mstoneman3a@guardian.co.uk,4421526879
Fayre Speck,Tayzhina,fspeck3b@studiopress.com,2429499660
Megen Govini,Langres,mgovini3c@163.com,3083169559
Venita Gealy,Halton,vgealy3d@sogou.com,1441985627
Woodrow Fiddyment,Dingtao,wfiddyment3e@goo.gl,8169315423
Ida Dyche,Géfyra,idyche3f@newyorker.com,7443377070
Shaun Fownes,Anyama,sfownes3g@eepurl.com,9296341078
Selma Fairlie,Mabusag,sfairlie3h@wikispaces.com,4204756847
Gallagher Olohan,Chernyanka,golohan3i@answers.com,8559568872
Percival Brambill,Bosobolo,pbrambill3j@msu.edu,9431291022
Omero Kleinhandler,Taichung,okleinhandler3k@columbia.edu,3589836465
Corenda Childes,Nguigmi,cchildes3l@nih.gov,8977350946
Carroll Pettipher,Mae Hi,cpettipher3m@oaic.gov.au,6821252762
Holden Shankster,Portachuelo,hshankster3n@hp.com,7436999212
Wren Maxsted,Qeshm,wmaxsted3o@jigsy.com,4874082014
Wynnie Walstow,Huangshan,wwalstow3p@weibo.com,3805480884
Marieann Stormouth,Mae Fa Luang,mstormouth3q@freewebs.com,6188922114
Elwira Weatherup,Blumenau,eweatherup3r@instagram.com,2399783456
Adelice Lantaff,Esmeraldas,alantaff3s@t-online.de,7509572425
Karoly Frontczak,Podebłocie,kfrontczak3t@sourceforge.net,2087541008
Calla Palfreeman,Alua,cpalfreeman3u@godaddy.com,7154140824
Rog Rickarsey,Andong,rrickarsey3v@stanford.edu,7113737954
Alfred Gauvain,Ngrejo,agauvain3w@gizmodo.com,7685540261
Hayward Scholl,Zhengmo,hscholl3x@cdbaby.com,4095975764
Brnaby Bremen,La Mesa,bbremen3y@usda.gov,7962824178
Harv Brumby,Samdo,hbrumby3z@google.ca,3169619374
Gerardo Biggadyke,Ulichnoye,gbiggadyke40@de.vu,5181706092
Raeann Guidoni,Rusnė,rguidoni41@washington.edu,8599304899
Gabbey Thay,Plérin,gthay42@chron.com,3553777591
Fionna Kearey,Buriti Alegre,fkearey43@nature.com,8062981689
Catherina Romi,Inda Silasē,cromi44@chron.com,6279129380
Jermaine Hutcheon,Wangba,jhutcheon45@ameblo.jp,8542038173
Augy Wharton,Corani,awharton46@woothemes.com,1129953710
Griswold Sinclaire,Longtang,gsinclaire47@springer.com,4853843069
Dionysus Wellstead,Acas,dwellstead48@1und1.de,3708712093
Gibb Haskur,Orahovac,ghaskur49@uol.com.br,8908906755
Rafaelia Priditt,Cheban,rpriditt4a@dagondesign.com,2801795426
Yelena Iacovaccio,Xibu,yiacovaccio4b@digg.com,4992042188
Gigi Delgua,Le Raincy,gdelgua4c@fastcompany.com,4525222294
Myrle Peschka,Chambray-lès-Tours,mpeschka4d@cbsnews.com,2844571390
Abagail Titchen,Nový Malín,atitchen4e@cdc.gov,4137152040
Reinaldo Bottinelli,Dongyuan,rbottinelli4f@photobucket.com,6953018395
Aili Vannar,Ambositra,avannar4g@census.gov,8134245217
Levin Langmaid,Svislach,llangmaid4h@webmd.com,5143049045
Avis Bowfin,Tete,abowfin4i@psu.edu,8473214273
Sheba Molson,Niverville,smolson4j@cnn.com,4728505678
Ody McCrohon,Pubu,omccrohon4k@infoseek.co.jp,1581808125
Rasia Venables,Ketapang,rvenables4l@ifeng.com,4692437093
Greg Harlick,Västra Frölunda,gharlick4m@wikispaces.com,6377017395
Mella Langham,Lembursawah,mlangham4n@sun.com,9315747979
Alex Stallen,Xiangshan,astallen4o@umn.edu,8643544565
Edy Mixer,Zongzhai,emixer4p@blinklist.com,9414458164
Indira Gitting,Jiling,igitting4q@pen.io,8482915003
Collette Schimaschke,Vaiņode,cschimaschke4r@shinystat.com,1727451679
Bron Robberts,San Mateo,brobberts4s@i2i.jp,4989103134
Stu Gibling,Khursā,sgibling4t@feedburner.com,4481260720
Jamie Grissett,Aldeia de Juzo,jgrissett4u@scientificamerican.com,7374475271
Nata Castello,Jiuhua,ncastello4v@elegantthemes.com,9098012172
Adela Kirkland,Pásion,akirkland4w@simplemachines.org,8319509633
Franciskus Missen,Lae,fmissen4x@fotki.com,4454391071
Torrey Cleere,Kiffa,tcleere4y@abc.net.au,8338769399
Nancy Ingleston,Bogovarovo,ningleston4z@chicagotribune.com,5691099101
Idalia Kinnen,Štěnovice,ikinnen50@last.fm,2193477263
Winnie Leedal,Putrajaya,wleedal51@salon.com,5566911685
Dorthy Sherewood,Kampinos,dsherewood52@wikispaces.com,9106384228
Dillie Londsdale,Jiazhuang,dlondsdale53@pbs.org,8553699863
Dolorita Pawling,Bodø,dpawling54@etsy.com,9898042214
Valentine Haborn,Dukhovshchina,vhaborn55@pagesperso-orange.fr,3221967192
Bobina Fassbindler,Saýat,bfassbindler56@house.gov,1581786123
Kendell Debell,Slovenske Konjice,kdebell57@tiny.cc,4574246537
Constancy McCrostie,Ambat,cmccrostie58@ihg.com,1056738903
Daron Aynsley,Nay Pyi Taw,daynsley59@jiathis.com,4529790906
Garrot Klaaassen,Vällingby,gklaaassen5a@google.com,2727774641
Karlan Moughton,Watublapi,kmoughton5b@narod.ru,8286329943
Barbi Sprade,Sinop,bsprade5c@dagondesign.com,3289827452
Blair Ciccarelli,Xunjian,bciccarelli5d@friendfeed.com,1577305219
Kerrill Bannester,Tajimi,kbannester5e@imdb.com,2388219586
Lambert Tantum,Manola,ltantum5f@usatoday.com,9152046791
Gilles Whistan,Qianjia,gwhistan5g@who.int,5851894187
Tish Battershall,Cerava,tbattershall5h@independent.co.uk,5054330831
Deana Vasyagin,Liqizhuang,dvasyagin5i@businessweek.com,5046914291
Jacob Riatt,Dadong,jriatt5j@reuters.com,2259360966
Orland Tradewell,Lens,otradewell5k@twitter.com,3119213816
Papagena McAlarney,Old Shinyanga,pmcalarney5l@addthis.com,7759588760
Monte Corrao,Nunutba,mcorrao5m@discuz.net,7776813509
Dun Rowesby,Antsohihy,drowesby5n@ebay.com,2496578006
Vania McCurt,Al Qāmishlī,vmccurt5o@networkadvertising.org,1394865521
Allegra Hazlehurst,Kozhva,ahazlehurst5p@wsj.com,4228513934
Reube Galliver,Long Beach,rgalliver5q@cnet.com,3235523427
Jareb Kerwick,Cocachacra,jkerwick5r@dion.ne.jp,8326862494
Mitchel Robrow,Santa Rosa,mrobrow5s@mediafire.com,3438595331
Greggory Bumphries,Fulu,gbumphries5t@hubpages.com,5308764753
Rosmunda Wishart,Muriaé,rwishart5u@usnews.com,6415502953
Mia Chater,Sędziszów,mchater5v@nbcnews.com,3164506328
Karita Metterick,Smara,kmetterick5w@harvard.edu,2277180099
Guthrie Abramsky,Non Sung,gabramsky5x@va.gov,1842386055
Roze Lowbridge,Dongchong,rlowbridge5y@meetup.com,5325672897
Mehetabel Everett,Linshui,meverett5z@vistaprint.com,9828030459
Griz le Keux,Stronie,gle60@ebay.com,3533941893
Arin McGuckin,Dolní Libina,amcguckin61@parallels.com,5931788877
Emylee Wilson,Princeville,ewilson62@sbwire.com,4622264442
Ray Shorie,Langkap,rshorie63@issuu.com,1192505943
Cyrill Sowten,Wellington,csowten64@meetup.com,6513155832
Cammy Wayon,Itaocara,cwayon65@live.com,5357976096
Mignonne Bussey,Coripata,mbussey66@surveymonkey.com,8372437773
Corilla Wellbeloved,Nanggela,cwellbeloved67@icio.us,6595611504
Suellen Gravatt,Jasionów,sgravatt68@xing.com,9316216963
Suellen Beardsworth,Zhenghu,sbeardsworth69@virginia.edu,9989705957
Nata Lammerich,Gorzów Śląski,nlammerich6a@i2i.jp,1565131929
Ludwig Lusty,Uzda,llusty6b@homestead.com,2732759153
Jeniece Deavin,Dongtang,jdeavin6c@prweb.com,8337343248
Sherm Dilloway,Boavista,sdilloway6d@prlog.org,9739539071
Arielle Garnar,Lebane,agarnar6e@simplemachines.org,8549928318
Nannette Flatt,Bayangol,nflatt6f@prweb.com,8606072826
Lacie Novakovic,Cagmanaba,lnovakovic6g@epa.gov,9704277326
Vincenz Postlethwaite,Merton,vpostlethwaite6h@nsw.gov.au,2443904675
Inger Palphramand,Caen,ipalphramand6i@wired.com,7852505049
Donnie Boyda,Ziway,dboyda6j@edublogs.org,9629509914
Dorthea Shenley,Sendangagung,dshenley6k@weebly.com,3105613212
Marci Lavery,Konārak,mlavery6l@1und1.de,7244104550
Brennen Dusting,Toledo,bdusting6m@accuweather.com,4199810896
Denis Gyer,Jongorsari,dgyer6n@google.ca,9505938751
Pennie Drake,Hongwŏn,pdrake6o@com.com,9702187787
Doris Appleford,Leduc,dappleford6p@histats.com,7835087787
Almeria Tremolieres,Trbovlje,atremolieres6q@wsj.com,4731943055
Dareen Polley,Veiga,dpolley6r@illinois.edu,7043353680
Quill Bernier,Jijiazhuang,qbernier6s@youtu.be,7464258105
Vanna McLinden,Włoszakowice,vmclinden6t@shareasale.com,4685114159
Casey Bytheway,Russkiy,cbytheway6u@smugmug.com,2305728213
Cornelia Chaff,Changning,cchaff6v@hexun.com,5142862216
Lydon MacKereth,Talitsa,lmackereth6w@google.it,7804624959
Michelle Kapiloff,Kalutara,mkapiloff6x@nbcnews.com,9144429630
Quintana Itzakovitz,Jiantianjie,qitzakovitz6y@t.co,8718608189
Ryann Snelling,Ryōtsu-minato,rsnelling6z@usgs.gov,4829668860
Piotr Primett,Năm Căn,pprimett70@sun.com,5366367770
Fredek Inderwick,Grahamstown,finderwick71@etsy.com,4336772637
Giulietta Sarney,Ciketak,gsarney72@list-manage.com,9552622136
Delbert Curd,Cantagallo,dcurd73@google.com.hk,2986683812
Harriett Pregel,Haiyanmiao,hpregel74@bloomberg.com,2255153552
Maiga Rogez,Taibao,mrogez75@vistaprint.com,1853982011
Lexi Oldland,Anápolis,loldland76@paypal.com,5758744495
Chad Fitzer,Watuka,cfitzer77@cisco.com,7782756066
Harriette Walklett,Lubei,hwalklett78@nih.gov,4402368143
Hazlett Chasemoore,Maizuru,hchasemoore79@va.gov,6597263852
Ambrose Mahady,Columbus,amahady7a@zdnet.com,7065678661
Elisha Rockell,Losari,erockell7b@amazon.com,8772013102
Jamesy MacAlroy,'s-Hertogenbosch,jmacalroy7c@eepurl.com,3227523175
Jacinda Thorby,Palcamayo,jthorby7d@smugmug.com,1299844576
Thatcher Lambourne,Sula,tlambourne7e@acquirethisname.com,6529726543
Shaun Studholme,Brodnica,sstudholme7f@gmpg.org,3941522910
Eugine Lydiard,Kemang,elydiard7g@oracle.com,1938266296
Cindi Vokins,Kanluran,cvokins7h@zdnet.com,7563468119
Kippar Jimpson,Pszczew,kjimpson7i@google.ca,2819406955
Lawrence Roskam,Middelburg,lroskam7j@geocities.jp,5816448392
Sebastiano Winks,Rautjärvi,swinks7k@oracle.com,2704390185
Darlene Musto,Bukabu,dmusto7l@bloglovin.com,8461976276
Jasen McClancy,Youguzhuang,jmcclancy7m@nbcnews.com,5105845319
Tudor Deller,Nauchnyy Gorodok,tdeller7n@photobucket.com,8775844646
Guthry Lampen,Kuanping,glampen7o@ucsd.edu,7398678799
Cesar Schorah,Honglong,cschorah7p@wordpress.org,5014701431
Darius Osipenko,Austin,dosipenko7q@amazon.co.jp,5127568110
Gwendolen Coat,Sainte-Anne-des-Monts,gcoat7r@google.com.hk,2986668584
Bellanca Boyson,Uthai Thani,bboyson7s@exblog.jp,7594370952
Gayelord Tew,Ridderkerk,gtew7t@360.cn,6673619673
Perceval Crowest,Alqueidão,pcrowest7u@fda.gov,4763414736
Molli Mallam,Yinla,mmallam7v@nationalgeographic.com,7496277917
Parker Dorracott,Enskede,pdorracott7w@ovh.net,6888279562
Gennifer Mitchely,Calape,gmitchely7x@yale.edu,4654247526
Anallise Fozzard,Zaysan,afozzard7y@bizjournals.com,5484948019
Danica Greenleaf,Ardabīl,dgreenleaf7z@examiner.com,1006883883
Papagena Hebson,Sagaing,phebson80@deliciousdays.com,9359261002
Daisi Janic,Anjirserapat,djanic81@netvibes.com,9941810287
Theo Goodchild,Kurumoch,tgoodchild82@statcounter.com,7474697295
Elyse Challener,Rîbniţa,echallener83@simplemachines.org,5191266318
Nesta Berrycloth,Angers,nberrycloth84@yellowbook.com,3432143559
Mabelle Balsillie,Balin,mbalsillie85@wordpress.com,7017844022
Ringo Darrel,Ash Shaḩānīyah,rdarrel86@economist.com,7585358244
Titus Ricciardo,Kalenderovci Donji,tricciardo87@usda.gov,1941654366
Penn Kernley,Sandata,pkernley88@amazonaws.com,1031965755
Hali Esp,Bužim,hesp89@live.com,8835040258
Alfonso Maruska,Flers,amaruska8a@histats.com,1166319623
Linell O'Shaughnessy,Jales,loshaughnessy8b@sciencedirect.com,4321848030
Leif Dubose,Capivari,ldubose8c@photobucket.com,2979789361
Derrek Ourry,Guiglo,dourry8d@drupal.org,8365436504
Giorgio Castelijn,Belogorsk,gcastelijn8e@taobao.com,2249892036
Curcio Antal,Goiás,cantal8f@illinois.edu,8101894499
Muffin Crowne,Sok Kwu Wan,mcrowne8g@hugedomains.com,3904904716
Belinda Minto,Korenëvo,bminto8h@nymag.com,7761865571
Gwyn Sugar,Diaoluoshan,gsugar8i@tiny.cc,1789426581
Iona Pentercost,Skövde,ipentercost8j@merriam-webster.com,7711536298
Bibbye Digance,Gimry,bdigance8k@tuttocitta.it,6503477565
Madalena Kitchenside,Cluses,mkitchenside8l@usda.gov,2364255303
Ferdinand Boyen,Vrangel’,fboyen8m@zimbio.com,4029800873
Fanya Dufton,Huangzhawan,fdufton8n@ow.ly,8991246047
Leonore Beagin,Kafr al Labad,lbeagin8o@nydailynews.com,9207150430
Buiron Ashtonhurst,Wilmington,bashtonhurst8p@cbsnews.com,9107552664
Bernadina Basden,Butahai,bbasden8q@europa.eu,2598104265
Patti Ricciardo,Senada,pricciardo8r@mozilla.org,9604825194
Keefer Casa,Degeberga,kcasa8s@weather.com,7137195039
Dotti Matyugin,Aitape,dmatyugin8t@posterous.com,4566559482
Clair Gove,Quảng Ngãi,cgove8u@php.net,7966970737
Rahel Whitelaw,Podgorica,rwhitelaw8v@parallels.com,2357580266
Sayres Felipe,Shigongqiao,sfelipe8w@flickr.com,9968075948
Gallard Thunnerclef,Moravský Písek,gthunnerclef8x@wired.com,7114104913
Sella Bourton,Lužani,sbourton8y@bloglines.com,7471947822
Beck Striker,Bunia,bstriker8z@patch.com,4641056208
Clemente Kynnd,Xinzhuang,ckynnd90@symantec.com,5002427123
Kellsie Lesser,Guadalupe,klesser91@unc.edu,4515725618
Jasun Lempertz,Malim,jlempertz92@yale.edu,6394617039
Dot Ackhurst,Minapan,dackhurst93@bizjournals.com,9747607109
Constantia McCrohon,Uusikaupunki,cmccrohon94@jalbum.net,2172755930
Sylvia Kincla,Matayumtayum,skincla95@tmall.com,7444768275
Adeline Labin,Smínthi,alabin96@bing.com,3121244947
Coreen Franssen,Xinning,cfranssen97@imdb.com,7549424658
Fairfax Attenburrow,At Taḩālif,fattenburrow98@netscape.com,5499974435
Dulcine Legerwood,Säffle,dlegerwood99@baidu.com,1651521771
Caresa Becerra,Kingersheim,cbecerra9a@ovh.net,1877232657
Wilona Djordjevic,Farsta,wdjordjevic9b@addtoany.com,3073218285
Spenser Fairholme,Pucón,sfairholme9c@google.fr,1197400109
Albie Grigorio,Awgu,agrigorio9d@symantec.com,8822581962
Gwen Simester,Welisara,gsimester9e@cnbc.com,4442585939
Kim Onraet,Las Palmas,konraet9f@yelp.com,8432655915
Field Grimditch,Uppsala,fgrimditch9g@phoca.cz,2459024124
Kaylyn Dummigan,Leipzig,kdummigan9h@mapquest.com,3512257020
Whitney Bowcher,Xinjia,wbowcher9i@geocities.jp,4264580671
Axe Kelley,Ouangani,akelley9j@alexa.com,2658929669
Yanaton Pendered,Yuhuang,ypendered9k@imgur.com,5975373665
Antonetta Werndley,Laoqiao,awerndley9l@seattletimes.com,8725279784
Alvinia Keynd,Linjiang,akeynd9m@washington.edu,8299366516
Gayle MacCawley,Taocun,gmaccawley9n@adobe.com,2352054992
Dare Carroll,Yingyang,dcarroll9o@live.com,9655981960
Elsy Bertram,Sherpur,ebertram9p@chronoengine.com,5292334462
Marshall Rawe,Brocēni,mrawe9q@economist.com,2857059626
King Tutchings,Nong Yasai,ktutchings9r@dion.ne.jp,9684575212
Gannon Boskell,Baohe,gboskell9s@icq.com,8215856639
Meg Ingreda,Altos,mingreda9t@hexun.com,9335710465
Benton Bielfeld,Kakamas,bbielfeld9u@barnesandnoble.com,1013428824
Gibbie Harrhy,Verkhniy Baskunchak,gharrhy9v@cdc.gov,2365017817
Klarika Drewery,Acul du Nord,kdrewery9w@digg.com,5115432805
Hill Emmott,Wenceslao Escalante,hemmott9x@unblog.fr,6298203923
Kelsi Krout,Novosemeykino,kkrout9y@typepad.com,3589979228
Samuel Kubczak,Wierzchosławice,skubczak9z@jigsy.com,3922455993
Nelie Iacobo,Cihaur,niacoboa0@addthis.com,6932942243
Kipp Baldrey,Zhoujia,kbaldreya1@smh.com.au,5058583017
Johan March,Krajan Karangsari,jmarcha2@vinaora.com,7702573373
Germaine Ivanisov,Kamennogorsk,givanisova3@ovh.net,3439253243
Florence Ramelot,Ribnica na Pohorju,framelota4@google.pl,4949964399
Emmalyn Elsie,Banyubang,eelsiea5@tamu.edu,4886323467
Ira Eustace,Bolengpulau,ieustacea6@soup.io,9798590029
Eugene Keesman,Ballinteer,ekeesmana7@europa.eu,4415613053
Elisabeth Dukes,Ma‘bar,edukesa8@theguardian.com,3365370301
Lacy Markus,Lipsko,lmarkusa9@123-reg.co.uk,7227481210
Calvin Ofen,Muzambinho,cofenaa@hud.gov,7747501835
Em Quigg,Colonia Catuete,equiggab@php.net,5556151518
Ashien Dizlie,Valle de Guanape,adizlieac@craigslist.org,9169060660
Shelby O'Sirin,Cho-airong,sosirinad@blinklist.com,6551240755
Lynsey Tenwick,Laagri,ltenwickae@gizmodo.com,9227912718
Maryjo Lainge,Youzha,mlaingeaf@stanford.edu,7491488718
Harriette Tapply,Fatukanutu,htapplyag@gmpg.org,2658736126
Gusti Chalice,Hagi,gchaliceah@instagram.com,1086080467
Rafferty Larrie,Stakhanov,rlarrieai@upenn.edu,6197683152
Norry Gwyn,Songhae,ngwynaj@mayoclinic.com,8668722859
Lora Orehead,Athmuqam,loreheadak@google.co.uk,2326480294
Madlin Hawkings,Kangin,mhawkingsal@blogs.com,5303751344
Egor Raff,Runaway Bay,eraffam@slideshare.net,8304909240
Georgia Warbey,Washington,gwarbeyan@nytimes.com,2028993814
Meghann Bollon,Jiangdianzi,mbollonao@bigcartel.com,2785626095
Wendye Weyland,Kořenov,wweylandap@sun.com,1574259876
Robena McDavitt,Cuauhtemoc,rmcdavittaq@last.fm,3117984180
Heather McMichell,San Fernando,hmcmichellar@sogou.com,4721673485
Dickie Sone,Shīnḏanḏ,dsoneas@tripod.com,8268218584
Ynez Kayser,Xijia,ykayserat@hibu.com,1145353332
Alix Terzza,Dongxi,aterzzaau@thetimes.co.uk,8194950584
Pammy Scandrett,Kalashnikovo,pscandrettav@reuters.com,3532477649
Martha Gosneye,Lengshui,mgosneyeaw@ucoz.ru,9888859631
Nanny Westcot,Salvacion,nwestcotax@reference.com,3745590793
Webb Tidder,Pancanagara,wtidderay@mozilla.org,4106709780
Clemmy Roscoe,Pregrada,croscoeaz@bluehost.com,2452207940
Ofelia MacVean,Fengchan,omacveanb0@php.net,4585462853
Carolyn Storch,Chynadiyovo,cstorchb1@cloudflare.com,2857764085
Geoffrey Minster,Nandaime,gminsterb2@edublogs.org,1283002178
Tatiana Aimson,Río Cuarto,taimsonb3@networksolutions.com,3055780068
Putnam Blindermann,Sousse,pblindermannb4@google.com.au,7608827350
Zea Kalberer,Ivanava,zkalbererb5@washington.edu,9533260451
Cayla Rein,Subotica,creinb6@wunderground.com,6206064636
Floris Emmens,Rokitno,femmensb7@domainmarket.com,6432803099
Dacy Cartwright,Johanneshov,dcartwrightb8@cmu.edu,7325079314
Teressa Sichardt,Tinawagan,tsichardtb9@shutterfly.com,9048298433
Lillian Mewha,Dongqu,lmewhaba@tripod.com,5161213329
Roseline Kolakowski,Zhoinda,rkolakowskibb@prnewswire.com,3505086225
Israel Leathe,Plast,ileathebc@nytimes.com,8502181359
Maurene Grahl,Mokopane,mgrahlbd@telegraph.co.uk,3215560099
Glendon Loosemore,Huaping,gloosemorebe@reference.com,9049146014
Clerc Banks,Jeżów,cbanksbf@drupal.org,8736269376
Gaby McShee,Pedregulho,gmcsheebg@pbs.org,7695357876
Doloritas Conre,Paris 11,dconrebh@bloglines.com,6568783815
Steffi Satterlee,Świeradów-Zdrój,ssatterleebi@posterous.com,3543719481
Alexandrina Arnoldi,Vairão,aarnoldibj@businessinsider.com,6416807884
Tracee Scourge,Longjumeau,tscourgebk@abc.net.au,1451667402
Alejandro Junifer,Acas,ajuniferbl@addthis.com,9294065709
Meredith D'Alessio,Beilun,mdalessiobm@ibm.com,4723477816
Jerry Perris,Sailaitang,jperrisbn@businessweek.com,2236795229
Maighdiln McCarty,Butwāl,mmccartybo@hexun.com,5391101547
Bentlee Robker,São Lourenço de Mamporcão,brobkerbp@biglobe.ne.jp,8165798540
Daria Muffett,Opol,dmuffettbq@bbb.org,4087169490
Merna Figures,Nossa Senhora da Glória,mfiguresbr@twitter.com,9229892428
Kris Milington,Longzui,kmilingtonbs@yahoo.co.jp,6195819873
Blithe Lindro,Köln,blindrobt@google.nl,6969913240
Josee Pennells,Zmijavci,jpennellsbu@marketwatch.com,4865311333
Mariellen Halfhyde,Al Fashn,mhalfhydebv@ebay.co.uk,7197442032
Peggy Ker,Helie,pkerbw@elegantthemes.com,4403341541
Luci Stillwell,Carmen,lstillwellbx@linkedin.com,5994624947
Lexis Drable,Dharān Bāzār,ldrableby@symantec.com,8873092417
Richie Whittlesea,Zaqatala,rwhittleseabz@jalbum.net,7439050924
Priscilla McIlheran,Montpellier,pmcilheranc0@yandex.ru,2671633322
Barry Blaksley,Sulūk,bblaksleyc1@harvard.edu,9787950341
Christa Bardell,Noginsk-9,cbardellc2@blogger.com,6033935886
Lem McAteer,Zaplavnoye,lmcateerc3@smugmug.com,5679474579
Rebeka Behrens,Jabranti,rbehrensc4@pagesperso-orange.fr,1066477070
Cahra Winward,Non Sung,cwinwardc5@de.vu,1063625378
Bastien Redgrave,Biting,bredgravec6@canalblog.com,4692103812
Katherine Ommanney,Bay Roberts,kommanneyc7@cbslocal.com,5533965602
Pammy Twitching,Nicolet,ptwitchingc8@opera.com,3034218490
Andres Rydzynski,Gunan,arydzynskic9@admin.ch,1215613253
Ilyse Huskisson,Tianxingchang,ihuskissonca@independent.co.uk,4724790281
Karlee Roarty,Zhongyuan,kroartycb@amazon.com,1676011183
Effie Liddington,Beishan,eliddingtoncc@xinhuanet.com,3318596128
Rafa Ollier,Glotovka,rolliercd@virginia.edu,8312358103
Delia Heartfield,Semampir,dheartfieldce@ucoz.ru,5737530323
Jarvis Plum,Al Ma‘baţlī,jplumcf@discuz.net,2081961668
Orsola Chaves,Málaga,ochavescg@gnu.org,2664421544
Doralin Marshfield,Xiamujiao,dmarshfieldch@google.co.uk,3246655890
Randall Goold,Fonte,rgooldci@army.mil,8939148704
Barnabe Albinson,Luchingu,balbinsoncj@examiner.com,8294619640
Martin de la Tremoille,Lulindi,mdeck@pbs.org,6524578137
Lise Shipston,Boyuibe,lshipstoncl@clickbank.net,9422773243
Clevey Meeks,Sumberan,cmeekscm@marriott.com,9188726003
Ailsun Dive,Llorente,adivecn@cocolog-nifty.com,9118889610
Josy Getch,Laibin,jgetchco@woothemes.com,4485800822
Tersina Jephcott,Zhongjiapu,tjephcottcp@amazon.de,4497356772
Nevins Welford,Esperança,nwelfordcq@artisteer.com,8928790585
Danie Humbey,Taganak,dhumbeycr@salon.com,4859695529
Raquel Portman,Sáchica,rportmancs@weather.com,7522954928
Rudolf Orman,Gò Dầu,rormanct@usatoday.com,1256289800
Kerrie Dawtre,Telgawah,kdawtrecu@cafepress.com,2404414406
Karylin MacKeig,Lugu,kmackeigcv@wp.com,1202516117
Blondelle Hamsher,Janja,bhamshercw@mozilla.org,9958529128
Valentino Cunnah,Jaffna,vcunnahcx@barnesandnoble.com,3312427607
Corella Holdren,Daguo,choldrency@oaic.gov.au,3484206986
Camila Schieferstein,Shuitou,cschiefersteincz@gizmodo.com,8969926419
Filbert Boas,Alcanhões,fboasd0@tripadvisor.com,8642757480
Arne Bauman,Moravská Nová Ves,abaumand1@ask.com,7826743634
Martin Yerrall,Yefremov,myerralld2@mail.ru,5078795013
Kirbie Blowfelde,Comandante Luis Piedra Buena,kblowfelded3@feedburner.com,8294120249
Ebba Coombes,Mombasa,ecoombesd4@over-blog.com,5168725433
Zachary Chatainier,Viseu,zchatainierd5@cnn.com,5678132995
Halie Heatlie,Jiang’an,hheatlied6@vimeo.com,1297207171
Loren Cullrford,Ljungskile,lcullrfordd7@purevolume.com,9521904732
Teodorico Izakov,Mrongi Daja,tizakovd8@chicagotribune.com,6928637679
Halsy Boast,Lianhua,hboastd9@chron.com,4249045921
Alida Albro,Al Jaghbūb,aalbroda@nature.com,6867714995
Krysta Barkshire,Dimitrovgrad,kbarkshiredb@123-reg.co.uk,5723594008
Arie Brislawn,Tanahmerah,abrislawndc@home.pl,1153376182
Jock Hestrop,Kulautuva,jhestropdd@hud.gov,7407965320
Abel Eilles,Molochnoye,aeillesde@cam.ac.uk,5073237009
Ber Carmody,Chojnów,bcarmodydf@themeforest.net,8374941096
Kaylil Gamell,Ban Khok,kgamelldg@gov.uk,1255615170
Rodge Tomaino,Makati City,rtomainodh@washingtonpost.com,1082483396
Kim Willimott,Jinshan,kwillimottdi@timesonline.co.uk,6359648907
Felizio Castanie,Quillota,fcastaniedj@discovery.com,8229427112
Thorny Nutman,Wuqiao,tnutmandk@weather.com,9977136140
Kerwin Castagnier,Martinópolis,kcastagnierdl@wikimedia.org,4729418928
Ora Dearness,Maglajani,odearnessdm@boston.com,2425399685
Chantalle Feild,Boafeo,cfeilddn@harvard.edu,3789284133
Marcia Emberson,Limit,membersondo@census.gov,3224231051
Meaghan Tunder,Songgui,mtunderdp@reference.com,4872145098
Inesita Kahane,Kedungreja,ikahanedq@springer.com,7478535622
Ruddy Vlasov,Bagalangit,rvlasovdr@berkeley.edu,2486136983
Christoforo O'Mannion,Shengao,comannionds@un.org,4781582924
Andrus Stubbs,Fukuroi,astubbsdt@miitbeian.gov.cn,2187732038
Leicester Gateman,Krajan Suco,lgatemandu@hp.com,4908233116
Tonye Rihosek,Daloa,trihosekdv@house.gov,9045523811
Malvina Ucchino,San José,mucchinodw@infoseek.co.jp,7248046821
Isaiah Joselevitch,Banyo,ijoselevitchdx@sitemeter.com,1965069118
Simona Glaves,Jinja,sglavesdy@eventbrite.com,3534147857
Angeline Puleston,Ciudad Sandino,apulestondz@aboutads.info,9033884747
Mag Pickvance,Cernik,mpickvancee0@opera.com,9887066774
Angelina Capin,New York City,acapine1@unicef.org,9178125846
Connie Alliott,Atambua,calliotte2@blogspot.com,1254757973
Vanna Woodard,Pil’na,vwoodarde3@1und1.de,1075211288
Trenna Gumb,Ribeiro,tgumbe4@gov.uk,8565565794
Thedric Sommersett,Geputan,tsommersette5@marketwatch.com,1041303209
Denny Smurfitt,Skellefteå,dsmurfitte6@state.gov,4914162894
Harley Pashenkov,Fatou,hpashenkove7@parallels.com,7746974584
Ellis Leads,Vitoria-Gasteiz,eleadse8@yale.edu,3599899438
Caryn Tillman,Émponas,ctillmane9@godaddy.com,4552893318
Gerry Shuttell,Carrasqueira,gshuttellea@berkeley.edu,4509343458
Micheal Postans,Linxi,mpostanseb@blogs.com,4762498396
Fremont Moneypenny,Portelinha,fmoneypennyec@themeforest.net,9626279149
Oralie Scotchmer,Los Nogales,oscotchmered@fda.gov,4694866647
Mabel McQuilliam,Xin’an,mmcquilliamee@surveymonkey.com,4008518388
Durand Bagster,Bonsari,dbagsteref@ycombinator.com,1246155316
Emeline Hamblin,Vitim,ehamblineg@github.io,3795313740
Thibaut Durrett,Citeluk,tdurretteh@bluehost.com,9141153728
Tull Browett,Yag La,tbrowettei@hp.com,8264500897
Linn Rawnsley,Letuyi,lrawnsleyej@wikispaces.com,2705615445
Vania Hatcher,Areni,vhatcherek@google.com,6188641599
Cristobal Lavalle,Toksovo,clavalleel@virginia.edu,6559849108
Emmalynn Crinkley,Saint-Cloud,ecrinkleyem@soup.io,1538398405
Kellen Piddocke,Cabo,kpiddockeen@businessinsider.com,6541311388
Monika Larrie,Erping,mlarrieeo@mit.edu,2068338580
Iorgos Preuvost,Dagushan,ipreuvostep@blogger.com,6745377780
Luther Kezar,Naju,lkezareq@ft.com,7982143317
Madelle Jeremiah,Getazat,mjeremiaher@upenn.edu,7802963824
Coleman Codron,Quinta da Courela,ccodrones@lycos.com,7843841826
Richmound Glasper,Saint Cloud,rglasperet@usnews.com,3202731708
Dreddy Petrillo,Seulimeum,dpetrilloeu@github.com,7651919421
Jarib Vasse,Békéscsaba,jvasseev@webeden.co.uk,6725220938
Ethelda Rotter,Vienne,erotterew@cdc.gov,5258553613
Adi Lishmund,Winduraja,alishmundex@gov.uk,9595302548
Rriocard Castell,Chiantla,rcastelley@wikipedia.org,7331567220
Minette Huffadine,Ngã Bảy,mhuffadineez@g.co,3136828013
Janessa Thebes,Lantapan,jthebesf0@wikipedia.org,4056232142
Heidi MacKaile,Shiyan,hmackailef1@java.com,7798591469
Mariya Siggins,Chulabhorn,msigginsf2@google.pl,3452059155
Dolorita Briers,Zhongling,dbriersf3@fotki.com,7858497711
Mada Slany,Hanna,mslanyf4@stumbleupon.com,1322375011
Murdoch Burtwhistle,Dorowa Mining Lease,mburtwhistlef5@phpbb.com,6518134707
Roland Harwell,Bacelo,rharwellf6@spotify.com,4073741500
Electra Sebley,Zhangjiaji,esebleyf7@sina.com.cn,1179972044
Maryjo Davidi,Maoping,mdavidif8@blogs.com,6939016861
Honey Ormistone,Grande Rivière Noire,hormistonef9@apache.org,1432711536
Karyn Spellesy,Simunul,kspellesyfa@wikimedia.org,9821193032
Jazmin Topaz,Oguma,jtopazfb@dot.gov,7211413272
Demott Penner,Xufeng,dpennerfc@miitbeian.gov.cn,6785035274
Celestyna Halt,Tando Muhammad Khān,chaltfd@bloglines.com,9628999408
Devlin Zamorano,Atyrau,dzamoranofe@mayoclinic.com,6143175099
Puff Jakolevitch,Korsun’-Shevchenkivs’kyy,pjakolevitchff@earthlink.net,1106356629
Erin Nijssen,Balaka,enijssenfg@odnoklassniki.ru,5579012292
Bradly Tatterton,Candijay,btattertonfh@linkedin.com,4308413220
Miles Stilgo,Claye-Souilly,mstilgofi@webmd.com,9383923017
Rosalind Leel,Pledo,rleelfj@bbc.co.uk,9715999487
Margaretha MacKibbon,Brikcha,mmackibbonfk@ning.com,3724752466
Dulcie Oxtiby,Kut Chap,doxtibyfl@uol.com.br,5796957339
Clara Darte,Tanjung,cdartefm@hibu.com,7105971062
Sebastian Danielou,Igbaras,sdanieloufn@stanford.edu,8308492675
Milly Fairweather,Nijmegen,mfairweatherfo@wix.com,9714003390
Beryle Tozer,Krasnokuts’k,btozerfp@unesco.org,2705916456
Berri Morlon,Ōkawara,bmorlonfq@squarespace.com,6913564390
Chanda Llorens,Kamenka,cllorensfr@qq.com,3245615363
Laure Barlas,G‘azalkent,lbarlasfs@mashable.com,3516019633
Dianne Burstowe,Xinzhuang,dburstoweft@ca.gov,8231116419
Ronda McGraith,Kotatengah,rmcgraithfu@newyorker.com,3218293927
Dale Cumes,Minggang,dcumesfv@unicef.org,7723454137
Danyette Selwyn,Qinghu,dselwynfw@va.gov,9998896537
Todd Rosas,Émpa,trosasfx@typepad.com,7537302046
Egan Macia,Bantian,emaciafy@spotify.com,3452625643
Aline Kynnd,Selouane,akynndfz@noaa.gov,4794536690
Earle Neubigin,Bayt Qād,eneubiging0@newyorker.com,2482871244
Mabelle Smurfit,Negoslavci,msmurfitg1@nytimes.com,8862712141
Redd Lind,Huimin,rlindg2@oaic.gov.au,3885249334
Lissi Garwood,Nandulehe,lgarwoodg3@cyberchimps.com,7586239183
Dean Romaynes,Na Thawi,dromaynesg4@narod.ru,4208834299
Zenia MacCroary,Parawan,zmaccroaryg5@technorati.com,2298238949
Freddy Solan,Dubinino,fsolang6@nymag.com,2814136965
Fabe Sulland,Netvořice,fsullandg7@vistaprint.com,5854766185
Shaun Altimas,Bolong,saltimasg8@independent.co.uk,8176475792
Elana Spensley,Rammūn,espensleyg9@zimbio.com,1688230178
Irvine Scherer,Lugang,ischererga@hao123.com,4056408405
Mollee Enderby,Yuekou,menderbygb@arizona.edu,7121570664
Sutherlan Spowage,Fort Lauderdale,sspowagegc@amazon.com,7542141847
Giulio Astill,Farsta,gastillgd@gravatar.com,4888012779
Sioux Uridge,Rybnaya Sloboda,suridgege@qq.com,8505489264
Umeko De Moreno,Partikan,udegf@paypal.com,5194266808
Lanae Roskell,Bimbo,lroskellgg@macromedia.com,9824449731
Tim Girsch,San Antonio,tgirschgh@amazon.com,9581534103
Audi Fargie,Budapest,afargiegi@blinklist.com,1314416540
Burg Gepheart,Naran Bulag,bgepheartgj@nbcnews.com,8252205492
Stanford Fearfull,Bundibugyo,sfearfullgk@marriott.com,4461144376
Brandice Chelley,Tabuadelo,bchelleygl@instagram.com,9841484399
Neale Aspling,Kinmparana,nasplinggm@sourceforge.net,7649710516
Gleda Kinnerley,Tours,gkinnerleygn@spotify.com,8478497371
Beatrix Reeday,Malczyce,breedaygo@sbwire.com,5816257231
Lauren Boys,Euclides da Cunha,lboysgp@mit.edu,1711831868
Putnam Southern,Kujung,psoutherngq@constantcontact.com,7917375938
Dian Moran,Shuigou,dmorangr@nymag.com,9695418498
Lena Lago,Clarin,llagogs@craigslist.org,8798866279
Linnet Bertelsen,Basoko,lbertelsengt@blog.com,9156841324
Ax Demange,Ryazan’,ademangegu@washington.edu,3946076886
Chrysler Moogan,Puamata,cmoogangv@amazon.de,1247261109
Philip Asipenko,Riah,pasipenkogw@hexun.com,1307782340
Sumner Keward,Malšice,skewardgx@cdbaby.com,1169747496
Darcy McCurlye,Bulupayung,dmccurlyegy@microsoft.com,6122896495
Charlie Aksell,Nova Iguaçu,caksellgz@gmpg.org,8214557416
Farlie Rennicks,Pocsi,frennicksh0@mediafire.com,8554230427
Zitella Gilman,São Torcato,zgilmanh1@ifeng.com,6596036394
Boone Simmill,Kentau,bsimmillh2@godaddy.com,2316973899
Tabbi Dyers,Grzęska,tdyersh3@prnewswire.com,6272919970
Fianna Steptoe,Fort Liberté,fsteptoeh4@theatlantic.com,1346779543
Rahal Grewe,Vybor,rgreweh5@scientificamerican.com,6515699965
Bathsheba Crace,Enschede,bcraceh6@spotify.com,3515865233
Gypsy Toleman,Lamotrek,gtolemanh7@hexun.com,1803277420
Maris Serotsky,Chlumec,mserotskyh8@ocn.ne.jp,8922306594
Karolina Malkinson,Temuji,kmalkinsonh9@yahoo.co.jp,9906319171
Jody Calveley,Kościelec,jcalveleyha@infoseek.co.jp,4534583039
Bealle Blaksley,Larache,bblaksleyhb@flickr.com,8785507932
Giorgi Ducker,Changma,gduckerhc@smh.com.au,3092751195
Jayme McCuaig,Portelândia,jmccuaighd@google.it,7247524940
Ewan Shedden,Bogoroditsk,esheddenhe@ifeng.com,6782189444
Keen Tyrie,Al Fashn,ktyriehf@instagram.com,6796825244
Birch Parbrook,Lianghe,bparbrookhg@blinklist.com,3454367168
Beltran Sill,Keboireng,bsillhh@mac.com,2223840277
Kameko Liversedge,Bachuan,kliversedgehi@umich.edu,6129913694
Fred MacAlaster,Krasnodon,fmacalasterhj@noaa.gov,5976121459
Phyllida Collumbell,New Cebu,pcollumbellhk@google.com.au,7544479197
Darb Solly,Bosaso,dsollyhl@cnn.com,1719871189
Kean Geratasch,Xishan,kgerataschhm@squidoo.com,1345213202
Miriam Gerdts,Mundão,mgerdtshn@blogger.com,8397091093
Filberte Bonhomme,Horodne,fbonhommeho@ucoz.com,8797610642
Yard Fison,Loma Alta,yfisonhp@wsj.com,2863811357
Cathy Kerman,Nagrog,ckermanhq@ucla.edu,2124784764
Frederique Conyers,Corona,fconyershr@about.com,9512792317
Karlee Goaley,Kasingan,kgoaleyhs@tmall.com,5474538167
Yevette Kraft,Windsor,ykraftht@washington.edu,6071302495
Nyssa Guitonneau,Ryazhsk,nguitonneauhu@microsoft.com,2403280579
Ardeen Mariel,Gande,amarielhv@yellowpages.com,2935320157
Cornell Judgkins,Yelan’,cjudgkinshw@trellian.com,6842077816
Dominga De Cruz,Santa Eulalia,ddehx@etsy.com,5925265484
Chrissy Paolone,Sośnie,cpaolonehy@amazon.com,4087296006
Dewie Phateplace,Tefé,dphateplacehz@dot.gov,6582501079
Jordan Loffill,Icononzo,jloffilli0@furl.net,7374342678
Krishnah Ridwood,Padre Bernardo,kridwoodi1@parallels.com,8534836297
Nikolos Brennon,Xumu,nbrennoni2@goo.ne.jp,2291535706
Starlin Lampart,Novosheshminsk,slamparti3@salon.com,3448040749
Jareb Mithan,Pancalan,jmithani4@timesonline.co.uk,6258573149
Savina Olorenshaw,Nueva Fuerza,solorenshawi5@cdc.gov,4156182301
Amil Nutten,Kamaishi,anutteni6@posterous.com,7531320358
Ashbey Hallford,Nóvita,ahallfordi7@indiegogo.com,7546131005
Laughton Skures,Hongshanyao,lskuresi8@youku.com,3019034550
Xena Copnar,Orangeville,xcopnari9@unesco.org,4358864004
Hervey Ellar,Saint-Péray,hellaria@wp.com,1723945001
Filippo Crookshank,Kedungsumurkrajan,fcrookshankib@goo.gl,2241935512
Giusto Rayment,Mang’it Shahri,graymentic@va.gov,2927120301
Arleen MacCartan,Kumba,amaccartanid@ucoz.com,2942517144
Morris Pelos,Cardal,mpelosie@chicagotribune.com,7593440361
Ula Stothert,Caucete,ustothertif@behance.net,4563861666
Zackariah Kienlein,Tambakmerak,zkienleinig@google.fr,5552249246
Caleb Kneller,Kuala Lumpur,cknellerih@ustream.tv,2502665466
Husain Kagan,Mników,hkaganii@bloomberg.com,8513920419
Bjorn Youens,Taihe,byouensij@opensource.org,5544457691
Rae Roughley,Qinhong,rroughleyik@geocities.com,5945004819
Zared Pont,Siguqiao,zpontil@ca.gov,8694490245
Letizia McCrystal,Malaba,lmccrystalim@jigsy.com,9165970939
Lia Lincoln,Río Sereno,llincolnin@amazon.co.uk,8589941737
Patrizio Daskiewicz,Guleluke,pdaskiewiczio@example.com,9048625544
Lynnell Frisel,Armstrong,lfriselip@yolasite.com,5197302895
Anni Callaghan,Jahrom,acallaghaniq@joomla.org,6008561076
Josi Ilott,Boujniba,jilottir@wordpress.org,5053162349
Nevin Over,Ōmamachō-ōmama,noveris@lulu.com,5143755691
Torrey Chamney,Kuala Lumpur,tchamneyit@ca.gov,6925050258
Andrei Worster,Xiabeisi,aworsteriu@addthis.com,4065433503
Urban Ruusa,Patrang,uruusaiv@usda.gov,7129688936
Othilie Adolfson,Swindon,oadolfsoniw@youtu.be,1618226350
Danita Sealand,Dokolo,dsealandix@noaa.gov,4091897692
Tim Mullett,Baoli,tmullettiy@purevolume.com,6783559180
Opalina Loghan,Nangen,ologhaniz@shutterfly.com,6696928899
Jacquenetta Malin,Kyzyldzhar,jmalinj0@cnet.com,3395864277
Rufe Courtin,Koropí,rcourtinj1@ft.com,7942021434
Theda Quantrell,Yajin,tquantrellj2@edublogs.org,7799300479
Torry Brik,Fusheng,tbrikj3@google.it,9651329633
Kayne Farrears,Autun,kfarrearsj4@fotki.com,7602011085
Morganne Jimenez,Kynopiástes,mjimenezj5@twitter.com,8191102864
Aura Wandrach,Limmared,awandrachj6@fc2.com,4886096252
Ernest Elsie,Consuelo,eelsiej7@businessweek.com,1769221317
Joice Lusted,Bellavista,jlustedj8@cbc.ca,5622376154
Katharine Luckin,Moya,kluckinj9@ucoz.com,6781436300
Benedikta Boynton,Wińsko,bboyntonja@blogspot.com,7192968518
Ingram Chetham,Sungai Nyamuk,ichethamjb@wufoo.com,5894211208
Tawsha Petre,Hujiaying,tpetrejc@techcrunch.com,8852484918
Carmencita Mears,Quinta do Anjo,cmearsjd@last.fm,7201272878
Morgana Robbings,Povorino,mrobbingsje@reference.com,1508033981
Gusty Raisher,Almafuerte,graisherjf@google.it,2898498130
Alisa McCumskay,Sanghan,amccumskayjg@seattletimes.com,6397078549
Eachelle Lewcock,Elói Mendes,elewcockjh@springer.com,5004921386
Billie Ackhurst,Jiesheng,backhurstji@miitbeian.gov.cn,4257487876
Burch Nowlan,Moste,bnowlanjj@unc.edu,9037796188
Gawain Humbatch,Rende,ghumbatchjk@shutterfly.com,4775099735
Heddi Trask,Nowy Dwór Gdański,htraskjl@google.fr,7771797919
Queenie Roubeix,Yushan,qroubeixjm@fastcompany.com,3693596692
Alla Spollen,Hantsport,aspollenjn@imgur.com,1928482330
Kayley Pencost,Belsh,kpencostjo@taobao.com,8139684175
Dallis Puttick,Yegorlykskaya,dputtickjp@msu.edu,2006864027
Dominga Welfair,Lucapon,dwelfairjq@theglobeandmail.com,1448665913
Audrey Woodhead,Sīlat al Ḩārithīyah,awoodheadjr@washington.edu,2175699123
Helga Callcott,Songon,hcallcottjs@trellian.com,8814009431
Heath Espina,Gävle,hespinajt@pen.io,2299357226
Shaughn Polack,Maromitsa,spolackju@mysql.com,2092985739
Isadore Bodleigh,Mendefera,ibodleighjv@google.com.br,8247797324
Siusan Fidell,Kiruru,sfidelljw@geocities.jp,7393079411
Pearce Lindemann,El Carmen,plindemannjx@va.gov,5941065502
Josias Lougheed,Umeå,jlougheedjy@goo.ne.jp,2286657926
Jerry Bestar,Rawa,jbestarjz@delicious.com,7992041226
Thalia Agett,Stende,tagettk0@census.gov,6915735505
Annabel Lune,Cañazas,alunek1@unesco.org,1127710048
Con Southcoat,Bahay Pare,csouthcoatk2@a8.net,8786540598
Missie Humerstone,Turgenevo,mhumerstonek3@spiegel.de,2921831454
Coralyn Goodliffe,Kofelē,cgoodliffek4@hhs.gov,2974075343
Aksel Clarke-Williams,Quilmaná,aclarkewilliamsk5@biblegateway.com,3548281528
Javier Mansion,Sandy Bay,jmansionk6@ucsd.edu,2678390258
Reade Sommersett,Wringinputih,rsommersettk7@time.com,6512374707
Fara Maun,Thị Trấn Nghèn,fmaunk8@upenn.edu,8051999993
Junia Storm,Neglasari,jstormk9@sakura.ne.jp,2302574337
Berri Leeb,Milano,bleebka@soundcloud.com,6696275741
Derick Gooda,Bolengpulau,dgoodakb@jimdo.com,5302457839
Bearnard Perett,Kochani,bperettkc@example.com,1382650713
Wynn Trout,Sagarejo,wtroutkd@gravatar.com,4286949796
Vasily Dowty,Sotíra,vdowtyke@purevolume.com,1525055595
Sydelle Wadhams,Ráquira,swadhamskf@unblog.fr,5379669348
Seamus Borrott,Chenyang,sborrottkg@godaddy.com,8156228640
Mauricio Spencers,Kurayyimah,mspencerskh@newyorker.com,6784907376
Martynne Cardoso,Cibatuireng,mcardosoki@parallels.com,2939028578
Herbie Wrout,Paris 12,hwroutkj@blog.com,6045110957
Shina Grene,Poděbrady,sgrenekk@hhs.gov,4531354674
Denis Bicheno,Jagdaqi,dbichenokl@livejournal.com,3425290517
Jenny Leathwood,Luanshya,jleathwoodkm@infoseek.co.jp,3233095711
Chicky De Ruel,Si Racha,cdekn@com.com,3385288059
Elora Leser,Zhongluotan,eleserko@networksolutions.com,6609505069
Idalia Minget,Bearna,imingetkp@deliciousdays.com,3268702916
Link Paramore,Quận Sáu,lparamorekq@deliciousdays.com,4493892134
Bjorn Gurge,Itabira,bgurgekr@webs.com,2981678704
Donica Erdes,Zhoukou,derdesks@studiopress.com,2539250633
Jehu Higford,Damietta,jhigfordkt@go.com,9664640046
Roosevelt Lapish,Banjeru,rlapishku@wunderground.com,4715782353
Floris Ferier,Ziketan,fferierkv@washington.edu,5737558143
Salvidor Kellaway,Itaboraí,skellawaykw@google.ru,6654510921
Samantha Ottley,Jasieniec,sottleykx@google.co.uk,4936519130
Parsifal Pockett,Soe,ppockettky@w3.org,6116232502
Tommie Rosenthaler,Salaberry-de-Valleyfield,trosenthalerkz@mit.edu,9518706991
Quintilla Shegog,Seattle,qshegogl0@yale.edu,2063642119
Rayshell Hunday,Naivasha,rhundayl1@about.com,8083293501
Diego Gutridge,Guilin,dgutridgel2@creativecommons.org,6223512393
Packston Presslie,Yanggang,ppressliel3@springer.com,7644575636
Gabriele Sanbrooke,Hongping,gsanbrookel4@multiply.com,9726931965
Cristian Greschke,São Lourenço,cgreschkel5@hibu.com,9336030227
Brantley Janicek,Hostomice,bjanicekl6@discuz.net,1803440436
Denni Gorgl,Novoselitsa,dgorgll7@mozilla.org,2803122472
Ilise Strand,Anqing,istrandl8@histats.com,6193242661
Richie Rosenstein,Daqiao,rrosensteinl9@virginia.edu,3959814691
Ermentrude Shakesby,San Fernando de Atabapo,eshakesbyla@salon.com,3737348820
Daloris Shapiro,Créteil,dshapirolb@wunderground.com,7723331126
Elenore Stainburn,Pho Si Suwan,estainburnlc@goo.gl,1572064315
Zorine Marlen,Gio Linh,zmarlenld@scientificamerican.com,1297552572
Augie Bourne,Tower,abournele@amazon.de,1693197288
Verine Branson,Paiçandu,vbransonlf@tamu.edu,2296365129
Lian Tschirasche,Margasari,ltschiraschelg@mac.com,8714596857
Rebbecca Okenden,Lubomierz,rokendenlh@exblog.jp,9217454480
Charissa Akaster,Stoney Ground,cakasterli@so-net.ne.jp,4767427106
Wadsworth Mariet,Temryuk,wmarietlj@sciencedirect.com,7889441613
Pippa Myderscough,Maldonado,pmyderscoughlk@sfgate.com,9193834931
Pearle Sodeau,Messina,psodeaull@reference.com,8347785305
Ingra Kubacki,Slavyansk-na-Kubani,ikubackilm@vkontakte.ru,1404608949
Ichabod Helwig,Qaram Qōl,ihelwigln@google.de,1961975498
Bar Madle,Sembakung,bmadlelo@nba.com,6412829630
Lyda Smithies,Ashikaga,lsmithieslp@quantcast.com,8777344622
Ellissa Haistwell,Providencia,ehaistwelllq@godaddy.com,3402736640
Joline Drydale,Yangcun,jdrydalelr@addtoany.com,6467483798
Christyna Condie,Pescadería,ccondiels@bigcartel.com,1054820697
Bren Scullard,Sydney,bscullardlt@cpanel.net,4299229541
Cassandry Phythean,Karlstad,cphytheanlu@yellowbook.com,2612687278
Selby Savege,Huddinge,ssavegelv@slideshare.net,2529272649
Shanta Ricart,Haquira,sricartlw@devhub.com,3875504369
Bear Allbrook,Gävle,ballbrooklx@nhs.uk,6832490538
Taylor Lapwood,Kut Rang,tlapwoodly@reverbnation.com,2773440194
Brittney Volant,Buenavista,bvolantlz@cdc.gov,1238270124
Ade Durante,Gataivai,adurantem0@paginegialle.it,4671251211
Tanner Iacovino,Miraflores,tiacovinom1@printfriendly.com,4827301403
Pepillo Bretton,Candoso,pbrettonm2@mashable.com,9997550449
Andrea Mullally,‘Afīf,amullallym3@fema.gov,9221559245
Millisent Gotfrey,Skórzec,mgotfreym4@weebly.com,1287869680
Carla Cannicott,Smyga,ccannicottm5@samsung.com,1291915984
Gretna Stollenbeck,Banqiaodian,gstollenbeckm6@blinklist.com,1176441913
Aggy Rickell,Itumbiara,arickellm7@unesco.org,3799992844
Molli Agney,Asan,magneym8@hp.com,9065457499
Ewan Lias,Charleroi,eliasm9@amazon.de,5647529221
Maurizia Aberchirder,Kuala Lumpur,maberchirderma@xinhuanet.com,4515282732
Magdalen Skae,Huambalpa,mskaemb@tmall.com,9792281951
Corinne McDonagh,San Pedro Necta,cmcdonaghmc@utexas.edu,1674241728
Johann de Guise,Banī Zayd,jdemd@shareasale.com,3001365291
Terra Reid,Quankou,treidme@domainmarket.com,9062196083
Clarice Dowyer,Riyom,cdowyermf@livejournal.com,2314529030
Maryjo Vigors,Niaohe,mvigorsmg@mtv.com,2902662561
Leela Lowin,Omutninsk,llowinmh@furl.net,4672522462
Clyve Veld,Prantaan,cveldmi@chronoengine.com,2432357838
Renard Sheeran,Craigavon,rsheeranmj@ameblo.jp,9307782683
Scott Malins,Singkir,smalinsmk@google.co.uk,7898015121
Augusta Ebbett,Savyon,aebbettml@buzzfeed.com,8835288241
Claudina Gaine,Darovskoy,cgainemm@jiathis.com,4724116163
Mikol Cullon,Paraty,mcullonmn@dropbox.com,2793612675
Heinrick Guerre,Sanquan,hguerremo@blogs.com,5293571428
Saunderson Kernock,Sankui,skernockmp@barnesandnoble.com,8415266563
Magdalen Wardingly,Heemstede,mwardinglymq@bloomberg.com,1501880344
Kerry Duckers,Mammari,kduckersmr@tumblr.com,7432315344
Beckie Carvilla,Padhahegha,bcarvillams@webeden.co.uk,5406736548
Bernice Roxburch,Nambalan,broxburchmt@kickstarter.com,2777035690
Sanson Ansley,Valladolid,sansleymu@webeden.co.uk,3278712257
Mureil McEttigen,San Benito,mmcettigenmv@sphinn.com,7621544529
Alphonse Bennell,Gijon,abennellmw@youtu.be,3229597126
Kermit Howden,Obando,khowdenmx@netscape.com,4982123932
Kristal Benkin,Emiliano Zapata,kbenkinmy@51.la,9237085635
Magda Juan,Pansoy,mjuanmz@jimdo.com,2288186473
Fields Grigorescu,Castro,fgrigorescun0@stanford.edu,6589121660
Claudianus Reinhart,Lindavista,creinhartn1@parallels.com,8245332865
Flory Fisher,Tonggakjati,ffishern2@yellowpages.com,6056674242
Dulsea Harcus,Tišina,dharcusn3@java.com,9224258496
Cristina Steutly,Crateús,csteutlyn4@netscape.com,2896925428
Tabby Mushrow,Itambacuri,tmushrown5@comsenz.com,4012989721
Theresina McArthur,Zagreb - Centar,tmcarthurn6@moonfruit.com,6151352196
Alfredo Brandacci,Cilongkrang,abrandaccin7@godaddy.com,2067761639
Katharine Mumbey,Sujji,kmumbeyn8@psu.edu,8386259762
Anselm Stoggell,Buyunshan,astoggelln9@tinypic.com,6201576699
Kelsi Seleway,Isheyevka,kselewayna@nationalgeographic.com,6019433732
Isacco Brendel,Tiztoutine,ibrendelnb@dedecms.com,3357966159
Chas Nolte,Guogan,cnoltenc@ustream.tv,3811733930
Berk Hawkridge,Pagsabangan,bhawkridgend@uiuc.edu,3975425032
Merline Saunter,Kotikawatta,msaunterne@archive.org,4867734829
Sammie Bayly,Penelas,sbaylynf@intel.com,8992795938
Rozina Twamley,Riachão das Neves,rtwamleyng@hexun.com,5536800675
Caddric Jacquet,Olleros,cjacquetnh@elegantthemes.com,8857555145
Vaughn Greenall,Geshan,vgreenallni@de.vu,6541011786
Guenna Paskins,Kerkrade,gpaskinsnj@biblegateway.com,7482225249
Guillaume Ruste,Jabinyānah,grustenk@phpbb.com,2832933645
Dulcinea Crocetti,Stěžery,dcrocettinl@java.com,4096245191
Gnni Seivertsen,Kampunganyar,gseivertsennm@springer.com,8287367787
Cirilo Cervantes,Jerez,ccervantesnn@trellian.com,4198750783
Cally Loades,Xinxing,cloadesno@marketwatch.com,4753168028
Cooper Camelia,Bajawa,ccamelianp@chronoengine.com,6635215115
Cross Wickenden,Nova Kakhovka,cwickendennq@webs.com,3128531758
Hedy Haster,Bestala,hhasternr@feedburner.com,5587346083
Ewan L'Hommeau,Xin’an,elhommeauns@census.gov,3958671496
Yetta Baxendale,Mae Fa Luang,ybaxendalent@ucoz.ru,8714671232
Rees Schirak,Labytnangi,rschiraknu@posterous.com,8204735195
Vivienne Yeaman,Camilo Aldao,vyeamannv@slideshare.net,8678154057
Diane Dominelli,Luorong,ddominellinw@studiopress.com,7981878130
Windy Cohan,Kuala Belait,wcohannx@360.cn,4492241406
Maible Kiloh,Polowat,mkilohny@usatoday.com,9469991769
Priscilla McAnellye,Balauring,pmcanellyenz@microsoft.com,2838382620
Ollie Ducker,Luleå,oduckero0@bloomberg.com,7402996861
Antonius Milburn,Dashu,amilburno1@squarespace.com,9338823284
Leila Bridgwater,Zhangyelu,lbridgwatero2@state.gov,4714732529
Carter Bellew,Holoubkov,cbellewo3@wikia.com,2728267642
Marion Bilney,Alfenas,mbilneyo4@g.co,3656634313
Karleen Grahl,Cashel,kgrahlo5@qq.com,4591806773
Wynnie Rickis,Linköping,wrickiso6@list-manage.com,9199644230
Gwenneth Lengthorn,Bhunya,glengthorno7@a8.net,2089861007
Stacia Meeus,Dongzhang,smeeuso8@uol.com.br,6776655727
Alasteir Capin,Starokorsunskaya,acapino9@fema.gov,3825144962
Mordy Cockett,Artémida,mcockettoa@netlog.com,4031871806
Christabel Hamner,Dzüyl,chamnerob@topsy.com,4264393464
Diandra Mirfin,Dubreuil,dmirfinoc@comcast.net,1802720216
Lynnet Beggan,Anh Son,lbegganod@squarespace.com,1874582062
Keven Blare,Barra dos Coqueiros,kblareoe@yellowbook.com,9008499526
Jermain Cockill,Cengang,jcockillof@stumbleupon.com,8857093993
Marcia Baudacci,Chengxiang,mbaudacciog@google.fr,6454650735
Elsi Pleace,Skerries,epleaceoh@marketwatch.com,5418733885
Bunny Leipoldt,Mulyadadi,bleipoldtoi@jiathis.com,7032929306
Chaddie Utley,Sucre,cutleyoj@latimes.com,6194217509
Parnell Jeness,Maoping,pjenessok@zdnet.com,2654080223
Bartolomeo Meddemmen,Noyon,bmeddemmenol@ihg.com,4592796743
Kimberly D'Onisi,Beidong,kdonisiom@weibo.com,1925033502
Dasha Eakin,Rennes,deakinon@ucsd.edu,6424459660
Mei Shakesby,Batgrām,mshakesbyoo@exblog.jp,3555408016
Caron Daunter,Wengaingo,cdaunterop@admin.ch,5149675046
Morten Elliman,Sakchu-ŭp,mellimanoq@booking.com,8371485955
Barrie Shivlin,Baoyou,bshivlinor@si.edu,6168454000
Juanita Sperling,Jiazhuang,jsperlingos@msu.edu,6657255841
Sherye Burtenshaw,Port Antonio,sburtenshawot@ihg.com,8179641781
Jonell Carnilian,Yantongtun,jcarnilianou@omniture.com,4721438690
Berri Robinette,Chwałowice,brobinetteov@walmart.com,3819598050
Barth Mamwell,Pajeksan,bmamwellow@guardian.co.uk,8084310268
Marten Rockhill,Perth,mrockhillox@google.de,4388600973
Carlyn Veelers,La Sabana,cveelersoy@umich.edu,9083765870
Inness Huxtable,Valada,ihuxtableoz@ucoz.ru,6518733966
Di Dennidge,Onega,ddennidgep0@ox.ac.uk,1116839687
Lila Stobbie,Mingjing,lstobbiep1@microsoft.com,3601038582
Myrle Sweett,Bor Ondor,msweettp2@webmd.com,9544434381
Klarrisa Bronot,Chavães,kbronotp3@digg.com,6088300173
Dehlia Selcraig,Warri,dselcraigp4@tinypic.com,7452362335
Zenia Arsey,Dahongmen,zarseyp5@e-recht24.de,1074084426
Samson Leet,Meiyao,sleetp6@rambler.ru,7652958878
Juan Featenby,Maogang,jfeatenbyp7@quantcast.com,2263142741
Sumner Edwick,Santo Domingo,sedwickp8@purevolume.com,9089913874
Phaidra Thirkettle,Älvsjö,pthirkettlep9@marriott.com,6639353529
Daune Winspire,Fangxian,dwinspirepa@baidu.com,6217344043
Sheela Ornells,Vale Boeiro,sornellspb@si.edu,7147237638
Tildie Tattersfield,Huangmao,ttattersfieldpc@issuu.com,9755943336
Shanta Docherty,Sigeng,sdochertypd@jugem.jp,8479822013
Andrus Symers,Grosuplje,asymerspe@i2i.jp,4259316983
Tally Bucknell,Sumberkertokrajan,tbucknellpf@howstuffworks.com,5289747078
Yelena Ching,Muting,ychingpg@gov.uk,7897296649
Vida Gostall,Dolod,vgostallph@reverbnation.com,7505275926
Claude Nesbitt,Podporozh’ye,cnesbittpi@examiner.com,6213468342
Dorette Kloster,Fier,dklosterpj@xing.com,3628615384
Lars Baum,pamas,lbaumpk@fc2.com,8059367159
Lavinie Feilden,Fatikchari,lfeildenpl@biblegateway.com,7974740576
Taffy Fiddian,Changxing,tfiddianpm@goo.gl,5049808533
Andrei Caush,Ljubuški,acaushpn@topsy.com,6916485169
Willis Matlock,Senador Canedo,wmatlockpo@cargocollective.com,1819809675
Sheelah Trowle,Shizunai-furukawachō,strowlepp@paypal.com,9646683644
Corey Milbourn,Guarapari,cmilbournpq@ibm.com,1357727063
Adelind Vickerstaff,Caocun,avickerstaffpr@abc.net.au,5171789827
Arluene Storey,Pangascasan,astoreyps@cargocollective.com,6479172169
Kara Schlagtmans,Gose,kschlagtmanspt@stumbleupon.com,9279259952
Timmy Gazzard,Dalongzhan,tgazzardpu@fc2.com,1805028524
Cully Kinnach,Bus’k,ckinnachpv@dedecms.com,6092777088
Halli Mussolini,Potosí,hmussolinipw@phoca.cz,8547701504
Katti Pedlingham,Morales,kpedlinghampx@dagondesign.com,6411994799
Lynette Davoren,Sulmierzyce,ldavorenpy@wordpress.com,3335268145
Timothea Dirr,Monastyrishche,tdirrpz@hibu.com,5336199637
Eliza Holcroft,Ust’-Dzheguta,eholcroftq0@yolasite.com,2804157906
Arthur Adair,Kochevo,aadairq1@flavors.me,5767052543
Deloria Iacofo,Lubbock,diacofoq2@globo.com,8064333104
Hilary Stallard,Laguna Limpia,hstallardq3@hubpages.com,3678797502
Jeromy Olford,Hrotovice,jolfordq4@cbsnews.com,7462147821
Ermina Ambroise,Pashiya,eambroiseq5@desdev.cn,1254571707
Kimmie Stellman,Pujilí,kstellmanq6@odnoklassniki.ru,1563609953
Levin Kwiek,Zhetang,lkwiekq7@goodreads.com,2248779418
Elisabet Slocket,Carlos Tejedor,eslocketq8@yellowpages.com,3966346820
Denni Marty,Sanya,dmartyq9@linkedin.com,8872773635
Augie Attwell,Duanshen,aattwellqa@diigo.com,1136224367
Scottie Emmer,Nor Yerznka,semmerqb@nbcnews.com,7328375613
Waldemar Finkle,Fenjie,wfinkleqc@xrea.com,4059534843
Tallulah Necolds,Pesagen,tnecoldsqd@trellian.com,8028267485
Brinna Manwell,Ngadri,bmanwellqe@umn.edu,1058788402
Forester Richings,Fengjiang,frichingsqf@prlog.org,4163665832
Dalis Ramel,Laliki,dramelqg@live.com,1568768882
Peyter Testo,Sepit,ptestoqh@hostgator.com,1958390581
Orren Antczak,Nantes,oantczakqi@un.org,4975408030
Onfroi Sharper,Paris 05,osharperqj@twitter.com,7284288798
Thomas Perfitt,Pitrufquén,tperfittqk@wikia.com,6679102429
Lindsay Witheridge,Astorga,lwitheridgeql@economist.com,2512538434
Kerrin Coldman,Buenaventura,kcoldmanqm@columbia.edu,6593341003
Augusta Falco,Qijia,afalcoqn@elegantthemes.com,5333577307
Neron Rodge,Leipzig,nrodgeqo@oracle.com,4587064609
Dyanna Koppen,Luocun,dkoppenqp@yelp.com,7329648127
Deeanne Hammersley,Fornos,dhammersleyqq@mtv.com,8095598852
Sharlene Foad,Gavarr,sfoadqr@google.co.uk,8037708983
Jon Tabner,Tyumen,jtabnerqs@springer.com,9833488619
Neel Sloam,Sang-e Chārak,nsloamqt@deviantart.com,3252344834
Glendon Tollerton,Meruge,gtollertonqu@cbsnews.com,8845633336
Cathleen Gindghill,Kropachëvo,cgindghillqv@facebook.com,4805073204
Jed Luton,Oslo,jlutonqw@dailymail.co.uk,1115947760
Derick Dmytryk,Suwalan,ddmytrykqx@digg.com,7526449285
Horatius Varden,Nong Saeng,hvardenqy@economist.com,2307963090
Hildegaard Bangiard,Pingshan,hbangiardqz@nasa.gov,8448564076
Milo Poppy,Dongtai,mpoppyr0@desdev.cn,6681642349
Ilyse Connow,Watulabara,iconnowr1@paginegialle.it,3807197878
Elfie Bosche,Lezhu,eboscher2@behance.net,7875490315
Desirae Winmill,Thị Trấn Bắc Hà,dwinmillr3@posterous.com,8027853103
Pollyanna Gudd,Xiangrong,pguddr4@cyberchimps.com,8389309558
Zechariah Falkner,Babakankalong,zfalknerr5@hhs.gov,2304386087
Jaquelin Gotcliff,Siedlce,jgotcliffr6@ocn.ne.jp,7176570975
Tommi Entwhistle,Anse Royale,tentwhistler7@ning.com,8227643163
Rosemonde Leyland,Kassala,rleylandr8@earthlink.net,2191704424
Alyosha Orsay,Karawatu,aorsayr9@dyndns.org,4089097317
Lib Bockh,Kapan,lbockhra@miibeian.gov.cn,5732101128
Dale Petrovic,Falköping,dpetrovicrb@prnewswire.com,9076659379
Vaclav Jenks,Grimshaw,vjenksrc@zimbio.com,2109989091
Francyne Rosenfrucht,San Miguel,frosenfruchtrd@issuu.com,3598881495
Zonda McElhargy,Daingean,zmcelhargyre@nyu.edu,2526769739
Kristel Mews,Sukaraja,kmewsrf@simplemachines.org,5343176032
Yoko Coughlan,Luoshanchuan,ycoughlanrg@narod.ru,2256805746
Connor Yele,Sumurasin,cyelerh@china.com.cn,7448076653
Dionisio Milmith,Randu,dmilmithri@ebay.com,2802467056
Pinchas Wastling,Jaciara,pwastlingrj@nbcnews.com,6341962801
Cory Camelli,Arnaía,ccamellirk@studiopress.com,6649184005
Goldy Noir,Kaniv,gnoirrl@last.fm,6856567314
Jacques Pinnegar,Puerto Rico,jpinnegarrm@liveinternet.ru,8772205945
Rebeca Wrate,Mochumí,rwratern@netvibes.com,8983939188
Sibylla Tansill,Nangakeo,stansillro@arizona.edu,8447907454
Dominique Reubens,Santa Maria,dreubensrp@skyrock.com,4852649619
Rustie Vasiliu,Mthatha,rvasiliurq@sakura.ne.jp,7313369728
Katharina Dunks,Talaibon,kdunksrr@forbes.com,2315737297
